"section_name","panel_name","panel_code","first_name","last_name","member_type","titles","qualifications"
"Technické vědy","Strojní inženýrství (Mechanical Engineering","P101","Petr","Svoboda","předseda","doc. Ing.","Ph.D."
"Technické vědy","Strojní inženýrství (Mechanical Engineering","P101","Jan","Vimmr","místopředseda","doc. Ing.","Ph.D."
"Technické vědy","Strojní inženýrství (Mechanical Engineering","P101","Stanislav","Honus","Member","doc. Ing.","Ph.D."
"Technické vědy","Strojní inženýrství (Mechanical Engineering","P101","Lubomír","Klimeš","Member","doc. Ing.","Ph.D."
"Technické vědy","Strojní inženýrství (Mechanical Engineering","P101","Radek","Kolman","Member","Ing.","Ph.D."
"Technické vědy","Strojní inženýrství (Mechanical Engineering","P101","Nataša","Náprstková","Member","doc. Ing.","Ph.D."
"Technické vědy","Strojní inženýrství (Mechanical Engineering","P101","Libor","Sitek","Member","Ing.","Ph.D."
"Technické vědy","Strojní inženýrství (Mechanical Engineering","P101","Zbyněk","Šika","Member","prof. Ing.","Ph.D."
"Technické vědy","Strojní inženýrství (Mechanical Engineering","P101","Tomáš","Vampola","Member","prof. Dr. Ing.","NA"
"Technické vědy","Elektrotechnika a elektronika (Electrical Engineering and Electronic Engineering","P102","Jan","Franc","předseda","prof. Ing.","DrSc."
"Technické vědy","Elektrotechnika a elektronika (Electrical Engineering and Electronic Engineering","P102","Radimír","Vrba","místopředseda","prof. Ing.","CSc."
"Technické vědy","Elektrotechnika a elektronika (Electrical Engineering and Electronic Engineering","P102","Ondřej","Číp","Member","Ing.","Ph.D."
"Technické vědy","Elektrotechnika a elektronika (Electrical Engineering and Electronic Engineering","P102","Pavel","Hazdra","Member","prof. Ing.","CSc."
"Technické vědy","Elektrotechnika a elektronika (Electrical Engineering and Electronic Engineering","P102","Jan","Jeřábek","Member","doc. Ing.","Ph.D."
"Technické vědy","Elektrotechnika a elektronika (Electrical Engineering and Electronic Engineering","P102","Pavel","Peterka","Member","doc. Ing.","Ph.D."
"Technické vědy","Elektrotechnika a elektronika (Electrical Engineering and Electronic Engineering","P102","Martin","Pospíšilík","Member","Ing.","Ph.D."
"Technické vědy","Elektrotechnika a elektronika (Electrical Engineering and Electronic Engineering","P102","Ivan","Richter","Member","doc. Ing.","Dr."
"Technické vědy","Elektrotechnika a elektronika (Electrical Engineering and Electronic Engineering","P102","Pavel","Ripka","Member","prof. Ing.","CSc."
"Technické vědy","Elektrotechnika a elektronika (Electrical Engineering and Electronic Engineering","P102","-","Jan","Member","prof. Dr. Ing.","MSc."
"Technické vědy","Kybernetika, umělá inteligence a zpracování informací (Cybernetics , artificial intelligence and Information Processing ","P103","Jiří","Mekyska","předseda","Ing.","Ph.D."
"Technické vědy","Kybernetika, umělá inteligence a zpracování informací (Cybernetics , artificial intelligence and Information Processing ","P103","Olga","Štěpánková","místopředsedkyně","prof. RNDr.","CSc."
"Technické vědy","Kybernetika, umělá inteligence a zpracování informací (Cybernetics , artificial intelligence and Information Processing ","P103","Tomáš","Brázdil","Member","doc. RNDr.","Ph.D."
"Technické vědy","Kybernetika, umělá inteligence a zpracování informací (Cybernetics , artificial intelligence and Information Processing ","P103","Radim","Burget","Member","doc. Ing.","Ph.D."
"Technické vědy","Kybernetika, umělá inteligence a zpracování informací (Cybernetics , artificial intelligence and Information Processing ","P103","Pavel","Král","Member","doc. Ing.","Ph.D."
"Technické vědy","Kybernetika, umělá inteligence a zpracování informací (Cybernetics , artificial intelligence and Information Processing ","P103","Filip","Plešinger","Member","Ing.","Ph.D."
"Technické vědy","Kybernetika, umělá inteligence a zpracování informací (Cybernetics , artificial intelligence and Information Processing ","P103","Aleš","Procházka","Member","prof. Ing.","CSc."
"Technické vědy","Kybernetika, umělá inteligence a zpracování informací (Cybernetics , artificial intelligence and Information Processing ","P103","Branislav","Rehák","Member","Ing. Mgr.","Ph.D."
"Technické vědy","Kybernetika, umělá inteligence a zpracování informací (Cybernetics , artificial intelligence and Information Processing ","P103","Tomáš","Skopal","Member","prof. RNDr.","Ph.D."
"Technické vědy","Kybernetika, umělá inteligence a zpracování informací (Cybernetics , artificial intelligence and Information Processing ","P103","Tomáš","Vojnar","Member","prof. Ing.","Ph. D."
"Technické vědy","Stavební materiály, architektura a stavitelství (Construction Materials, Architecture and Building Science","P104","Eva","Vejmelková","předsedkyně","doc. Ing.","Ph.D."
"Technické vědy","Stavební materiály, architektura a stavitelství (Construction Materials, Architecture and Building Science","P104","Radomír","Sokolář","místopředseda","doc. Ing.","Ph.D."
"Technické vědy","Stavební materiály, architektura a stavitelství (Construction Materials, Architecture and Building Science","P104","Jiří","Brožovský","Member","prof. Ing.","Ph.D."
"Technické vědy","Stavební materiály, architektura a stavitelství (Construction Materials, Architecture and Building Science","P104","Vladimír","Gryc","Member","prof. Ing.","Ph.D."
"Technické vědy","Stavební materiály, architektura a stavitelství (Construction Materials, Architecture and Building Science","P104","Karel","Hájek","Member","doc. Ing. arch.","Ph.D."
"Technické vědy","Stavební materiály, architektura a stavitelství (Construction Materials, Architecture and Building Science","P104","Tomáš","Opravil","Member","doc. Ing.","Ph.D."
"Technické vědy","Stavební materiály, architektura a stavitelství (Construction Materials, Architecture and Building Science","P104","Jiří","Palacký","Member","doc. Ing. arch.","Ph.D."
"Technické vědy","Stavební materiály, architektura a stavitelství (Construction Materials, Architecture and Building Science","P104","Iveta","Skotnicová","Member","doc. Ing.","Ph.D."
"Technické vědy","Stavební materiály, architektura a stavitelství (Construction Materials, Architecture and Building Science","P104","Miroslav","Vokáč","Member","Ing.","Ph.D."
"Technické vědy","Stavební materiály, architektura a stavitelství (Construction Materials, Architecture and Building Science","P104","Jiří","Zach","Member","doc. Ing.","Ph.D."
"Technické vědy","Stavební mechanika a konstrukce, mechanika tekutin a geotechnika (Structural Mechanics and Construction, Fluid Mechanics and Geotechnics","P105","Zbyněk","Keršner","předseda","prof. Ing.","CSc."
"Technické vědy","Stavební mechanika a konstrukce, mechanika tekutin a geotechnika (Structural Mechanics and Construction, Fluid Mechanics and Geotechnics","P105","Radim","Čajka","místopředseda","prof. Ing.","CSc."
"Technické vědy","Stavební mechanika a konstrukce, mechanika tekutin a geotechnika (Structural Mechanics and Construction, Fluid Mechanics and Geotechnics","P105","Petr","Hájek","Member","prof. Ing.","CSc."
"Technické vědy","Stavební mechanika a konstrukce, mechanika tekutin a geotechnika (Structural Mechanics and Construction, Fluid Mechanics and Geotechnics","P105","Antonín","Lokaj","Member","prof. Ing.","Ph.D."
"Technické vědy","Stavební mechanika a konstrukce, mechanika tekutin a geotechnika (Structural Mechanics and Construction, Fluid Mechanics and Geotechnics","P105","Jan","Tippner","Member","Ing.","Ph.D."
"Technické vědy","Stavební mechanika a konstrukce, mechanika tekutin a geotechnika (Structural Mechanics and Construction, Fluid Mechanics and Geotechnics","P105","Shota","Urushadze","Member","Ing.","Ph.D."
"Technické vědy","Stavební mechanika a konstrukce, mechanika tekutin a geotechnika (Structural Mechanics and Construction, Fluid Mechanics and Geotechnics","P105","Jan","Vorel","Member","doc. Ing.","Ph.D."
"Technické vědy","Stavební mechanika a konstrukce, mechanika tekutin a geotechnika (Structural Mechanics and Construction, Fluid Mechanics and Geotechnics","P105","Zbyněk","Zachoval","Member","doc. Ing.","Ph.D."
"Technické vědy","Technická chemie (Technical Chemistry","P106","Jan","Macák","předseda","Dr. Ing.","NA"
"Technické vědy","Technická chemie (Technical Chemistry","P106","Hynek","Beneš","místopředseda","Ing.","Ph.D."
"Technické vědy","Technická chemie (Technical Chemistry","P106","Roman","Bulánek","Member","prof. Ing.","Ph.D."
"Technické vědy","Technická chemie (Technical Chemistry","P106","Jan","Demel","Member","RNDr.","Ph.D."
"Technické vědy","Technická chemie (Technical Chemistry","P106","Petr","Chytil","Member","RNDr.","Ph.D."
"Technické vědy","Technická chemie (Technical Chemistry","P106","Pavel","Izák","Member","Ing.","Ph.D."
"Technické vědy","Technická chemie (Technical Chemistry","P106","Kamila","Kočí","Member","prof. Ing.","Ph.D."
"Technické vědy","Technická chemie (Technical Chemistry","P106","Josef","Krýsa","Member","prof. Dr. Ing.","NA"
"Technické vědy","Technická chemie (Technical Chemistry","P106","Jan","Sedláček","Member","doc. RNDr.","Dr."
"Technické vědy","Technická chemie (Technical Chemistry","P106","Michal","Sedlačík","Member","doc. Ing.","Ph.D."
"Technické vědy","Technická chemie (Technical Chemistry","P106","Zdeněk","Slouka","Member","doc. Ing.","Ph.D."
"Technické vědy","Kovové materiály – příprava a vlastnosti (Metallic Materials - Preparation and Properties","P107","Vladimír","Šíma","předseda","prof. RNDr.","CSc."
"Technické vědy","Kovové materiály – příprava a vlastnosti (Metallic Materials - Preparation and Properties","P107","Ivan","Křupka","místopředseda","prof. Ing.","Ph.D."
"Technické vědy","Kovové materiály – příprava a vlastnosti (Metallic Materials - Preparation and Properties","P107","Ivo","Dlouhý","Member","prof. Ing.","CSc."
"Technické vědy","Kovové materiály – příprava a vlastnosti (Metallic Materials - Preparation and Properties","P107","Jaromír","Kopeček","Member","RNDr.","Ph.D."
"Technické vědy","Kovové materiály – příprava a vlastnosti (Metallic Materials - Preparation and Properties","P107","Ludmila","Kučerová","Member","doc. Ing.","Ph.D."
"Technické vědy","Kovové materiály – příprava a vlastnosti (Metallic Materials - Preparation and Properties","P107","Alena","Michalcová","Member","doc. Ing.","Ph.D."
"Technické vědy","Kovové materiály – příprava a vlastnosti (Metallic Materials - Preparation and Properties","P107","Libor","Mrňa","Member","doc. RNDr.","Ph.D."
"Technické vědy","Kovové materiály – příprava a vlastnosti (Metallic Materials - Preparation and Properties","P107","Ivo","Szurman","Member","doc. Ing.","Ph.D."
"Technické vědy","Kovové materiály – příprava a vlastnosti (Metallic Materials - Preparation and Properties","P107","Monika","Vilémová","Member","Ing.","Ph.D."
"Technické vědy","Materiálové vědy a inženýrství (Materials Sciences and Engineering","P108","Martin","Kalbáč","předseda","doc. RNDr. Ing.","Ph.D."
"Technické vědy","Materiálové vědy a inženýrství (Materials Sciences and Engineering","P108","Martin","Weiter","místopředseda","prof. Ing.","Ph.D."
"Technické vědy","Materiálové vědy a inženýrství (Materials Sciences and Engineering","P108","Klára","Částková","Member","doc. Ing.","Ph.D."
"Technické vědy","Materiálové vědy a inženýrství (Materials Sciences and Engineering","P108","Miroslav","Černík","Member","prof. Dr. Ing.","CSc."
"Technické vědy","Materiálové vědy a inženýrství (Materials Sciences and Engineering","P108","Matej","Daniel","Member","prof. RNDr.","Ph.D."
"Technické vědy","Materiálové vědy a inženýrství (Materials Sciences and Engineering","P108","Petra","Ecorchard","Member","Ing.","Ph.D."
"Technické vědy","Materiálové vědy a inženýrství (Materials Sciences and Engineering","P108","Jiří","Houška","Member","doc. Ing.","Ph.D."
"Technické vědy","Materiálové vědy a inženýrství (Materials Sciences and Engineering","P108","Zdeněk","Chlup","Member","Ing.","Ph.D."
"Technické vědy","Materiálové vědy a inženýrství (Materials Sciences and Engineering","P108","Libor","Kvítek","Member","doc. RNDr.","CSc."
"Technické vědy","Materiálové vědy a inženýrství (Materials Sciences and Engineering","P108","Jan","Mrázek","Member","Ing.","Ph.D."
"Technické vědy","Materiálové vědy a inženýrství (Materials Sciences and Engineering","P108","Miroslav","Mrlík","Member","Ing.","Ph.D."
"Technické vědy","Materiálové vědy a inženýrství (Materials Sciences and Engineering","P108","Vladimíra","Novotná","Member","RNDr.","CSc."
"Technické vědy","Materiálové vědy a inženýrství (Materials Sciences and Engineering","P108","Petr","Praus","Member","prof. Ing.","Ph.D."
"Technické vědy","Materiálové vědy a inženýrství (Materials Sciences and Engineering","P108","Vladimír","Proks","Member","Mgr.","Ph.D."
"Technické vědy","Materiálové vědy a inženýrství (Materials Sciences and Engineering","P108","Petr","Slepička","Member","prof. Ing.","Ph.D."
"Vědy o neživé přírodě","Matematika a informatika (Mathematics and Informatics","P202","202-01","Logika","Member","","NA"
"Vědy o neživé přírodě","Matematika a informatika (Mathematics and Informatics","P202","202-02","Algebra","Member","","NA"
"Vědy o neživé přírodě","Matematika a informatika (Mathematics and Informatics","P202","202-03","Teorie","Member","","NA"
"Vědy o neživé přírodě","Matematika a informatika (Mathematics and Informatics","P202","202-04","Topologie","Member","","geometrie a globální analýza"
"Vědy o neživé přírodě","Matematika a informatika (Mathematics and Informatics","P202","202-05","Analýza","Member","","NA"
"Vědy o neživé přírodě","Matematika a informatika (Mathematics and Informatics","P202","202-06","Obyčejné","Member","","NA"
"Vědy o neživé přírodě","Matematika a informatika (Mathematics and Informatics","P202","202-07","Pravděpodobnost","Member","","NA"
"Vědy o neživé přírodě","Matematika a informatika (Mathematics and Informatics","P202","202-08","Numerická","Member","","NA"
"Vědy o neživé přírodě","Matematika a informatika (Mathematics and Informatics","P202","202-09","Aplikace","Member","","NA"
"Vědy o neživé přírodě","Matematika a informatika (Mathematics and Informatics","P202","202-10","Aplikace","Member","","NA"
"Vědy o neživé přírodě","Matematika a informatika (Mathematics and Informatics","P202","202-11","Diskrétní","Member","","NA"
"Vědy o neživé přírodě","Matematika a informatika (Mathematics and Informatics","P202","202-12","Matematická","Member","","optimalizace a operační výzkum"
"Vědy o neživé přírodě","Matematika a informatika (Mathematics and Informatics","P202","202-13","Teoretická","Member","","programovací jazyky"
"Vědy o neživé přírodě","Matematika a informatika (Mathematics and Informatics","P202","202-14","Algoritmy","Member","","datové struktury a modely"
"Vědy o neživé přírodě","Matematika a informatika (Mathematics and Informatics","P202","202-15","Kryptologie","Member","","počítačová bezpečnost"
"Vědy o neživé přírodě","Matematika a informatika (Mathematics and Informatics","P202","202-16","Umělá","Member","","strojové učení"
"Vědy o neživé přírodě","Matematika a informatika (Mathematics and Informatics","P202","202-17","Kvantové","Member","","NA"
"Vědy o neživé přírodě","Matematika a informatika (Mathematics and Informatics","P202","202-18","Bioinformatika","Member","","chemoinformatika"
"Vědy o neživé přírodě","Matematika a informatika (Mathematics and Informatics","P202","202-19","Modelování","Member","","simulace a vědecké výpočty"
"Vědy o neživé přírodě","Matematika a informatika (Mathematics and Informatics","P202","202-20","Počítačová","Member","","vizualizace dat a informací"
"Vědy o neživé přírodě","Matematika a informatika (Mathematics and Informatics","P202","Daniel","Kráľ","předseda","prof. RNDr.","Ph.D."
"Vědy o neživé přírodě","Matematika a informatika (Mathematics and Informatics","P202","Vítězslav","Kala","místopředseda","Mgr.","Ph.D."
"Vědy o neživé přírodě","Matematika a informatika (Mathematics and Informatics","P202","Karel","Hron","Member","prof. RNDr.","Ph.D."
"Vědy o neživé přírodě","Matematika a informatika (Mathematics and Informatics","P202","Ondřej","Klíma","Member","doc. Mgr.","Ph.D."
"Vědy o neživé přírodě","Matematika a informatika (Mathematics and Informatics","P202","Barbora","Kozlíková","Member","doc. RNDr.","Ph.D."
"Vědy o neživé přírodě","Matematika a informatika (Mathematics and Informatics","P202","Bohdan","Maslowski","Member","prof. RNDr.","DrSc."
"Vědy o neživé přírodě","Matematika a informatika (Mathematics and Informatics","P202","Marcin","Pilipczuk","Member","Dr. hab.","NA"
"Vědy o neživé přírodě","Matematika a informatika (Mathematics and Informatics","P202","Milan","Pokorný","Member","doc. Mgr.","Ph.D"
"Vědy o neživé přírodě","Matematika a informatika (Mathematics and Informatics","P202","Vladimír","Soběslav","Member","doc. Ing.","Ph.D."
"Vědy o neživé přírodě","Matematika a informatika (Mathematics and Informatics","P202","Jan","Swart","Member","M.","Dr."
"Vědy o neživé přírodě","Matematika a informatika (Mathematics and Informatics","P202","Pavel","Šťovíček","Member","prof. Ing.","DrSc."
"Vědy o neživé přírodě","Jaderná a částicová fyzika, astronomie a astrofyzika (Nuclear and Particle Physics, Astronomy and Astrophysics","P203","Juraj","Fedor","předseda","Mgr.","Ph.D."
"Vědy o neživé přírodě","Jaderná a částicová fyzika, astronomie a astrofyzika (Nuclear and Particle Physics, Astronomy and Astrophysics","P203","Miloslav","Zejda","místopředseda","doc. RNDr.","Ph.D."
"Vědy o neživé přírodě","Jaderná a částicová fyzika, astronomie a astrofyzika (Nuclear and Particle Physics, Astronomy and Astrophysics","P203","Martina","Boháčová","Member","RNDr.","Ph.D."
"Vědy o neživé přírodě","Jaderná a částicová fyzika, astronomie a astrofyzika (Nuclear and Particle Physics, Astronomy and Astrophysics","P203","Michal","Dovčiak","Member","RNDr.","Ph.D."
"Vědy o neživé přírodě","Jaderná a částicová fyzika, astronomie a astrofyzika (Nuclear and Particle Physics, Astronomy and Astrophysics","P203","Martin","Ferus","Member","RNDr.","Ph.D."
"Vědy o neživé přírodě","Jaderná a částicová fyzika, astronomie a astrofyzika (Nuclear and Particle Physics, Astronomy and Astrophysics","P203","Michal","Malinský","Member","Ing.","Ph.D."
"Vědy o neživé přírodě","Jaderná a částicová fyzika, astronomie a astrofyzika (Nuclear and Particle Physics, Astronomy and Astrophysics","P203","Petr","Marek","Member","doc. Mgr.","Ph.D."
"Vědy o neživé přírodě","Jaderná a částicová fyzika, astronomie a astrofyzika (Nuclear and Particle Physics, Astronomy and Astrophysics","P203","Jiří","Mareš","Member","RNDr.","CSc."
"Vědy o neživé přírodě","Jaderná a částicová fyzika, astronomie a astrofyzika (Nuclear and Particle Physics, Astronomy and Astrophysics","P203","•","Ernst","Member","doc.","Ph.D."
"Vědy o neživé přírodě","Jaderná a částicová fyzika, astronomie a astrofyzika (Nuclear and Particle Physics, Astronomy and Astrophysics","P203","Karel","Šafařík","Member","RNDr.","CSc."
"Vědy o neživé přírodě","Jaderná a částicová fyzika, astronomie a astrofyzika (Nuclear and Particle Physics, Astronomy and Astrophysics","P203","Jana","Šafránková","Member","prof. RNDr.","DrSc."
"Vědy o neživé přírodě","Jaderná a částicová fyzika, astronomie a astrofyzika (Nuclear and Particle Physics, Astronomy and Astrophysics","P203","Marek","Wolf","Member","doc. RNDr.","CSc."
"Vědy o neživé přírodě","Fyzika kondenzovaných látek a materiálů, fyzika plazmatu a nízkých teplot (Condensed Matter and Material Physics, Plasma Physics and Low Temperature Physics","P204","Radek","Plašil","předseda","doc. RNDr.","Ph.D."
"Vědy o neživé přírodě","Fyzika kondenzovaných látek a materiálů, fyzika plazmatu a nízkých teplot (Condensed Matter and Material Physics, Plasma Physics and Low Temperature Physics","P204","Čestmír","Drašar","místopředseda","prof. Ing.","Dr."
"Vědy o neživé přírodě","Fyzika kondenzovaných látek a materiálů, fyzika plazmatu a nízkých teplot (Condensed Matter and Material Physics, Plasma Physics and Low Temperature Physics","P204","Zdeněk","Bonaventura","Member","Mgr.","Ph.D."
"Vědy o neživé přírodě","Fyzika kondenzovaných látek a materiálů, fyzika plazmatu a nízkých teplot (Condensed Matter and Material Physics, Plasma Physics and Low Temperature Physics","P204","Radim","Filip","Member","prof. Mgr.","Ph.D."
"Vědy o neživé přírodě","Fyzika kondenzovaných látek a materiálů, fyzika plazmatu a nízkých teplot (Condensed Matter and Material Physics, Plasma Physics and Low Temperature Physics","P204","Roman","Grill","Member","prof. RNDr.","CSc."
"Vědy o neživé přírodě","Fyzika kondenzovaných látek a materiálů, fyzika plazmatu a nízkých teplot (Condensed Matter and Material Physics, Plasma Physics and Low Temperature Physics","P204","Kateřina","Kůsová","Member","RNDr.","Ph.D."
"Vědy o neživé přírodě","Fyzika kondenzovaných látek a materiálů, fyzika plazmatu a nízkých teplot (Condensed Matter and Material Physics, Plasma Physics and Low Temperature Physics","P204","Petr","Kužel","Member","doc. RNDr.","Ph.D."
"Vědy o neživé přírodě","Fyzika kondenzovaných látek a materiálů, fyzika plazmatu a nízkých teplot (Condensed Matter and Material Physics, Plasma Physics and Low Temperature Physics","P204","Petr","Lazar","Member","Mgr.","Ph.D."
"Vědy o neživé přírodě","Fyzika kondenzovaných látek a materiálů, fyzika plazmatu a nízkých teplot (Condensed Matter and Material Physics, Plasma Physics and Low Temperature Physics","P204","Martin","Setvín","Member","doc. Mgr.","Ph.D."
"Vědy o neživé přírodě","Fyzika kondenzovaných látek a materiálů, fyzika plazmatu a nízkých teplot (Condensed Matter and Material Physics, Plasma Physics and Low Temperature Physics","P204","Alexander","Shick","Member","Ing. B.","CSc."
"Vědy o neživé přírodě","Fyzika kondenzovaných látek a materiálů, fyzika plazmatu a nízkých teplot (Condensed Matter and Material Physics, Plasma Physics and Low Temperature Physics","P204","Vladimír","Scholtz","Member","doc. Ing.","Ph.D."
"Vědy o neživé přírodě","Fyzika kondenzovaných látek a materiálů, fyzika plazmatu a nízkých teplot (Condensed Matter and Material Physics, Plasma Physics and Low Temperature Physics","P204","Martin","Švec","Member","Mgr.","Ph.D."
"Vědy o neživé přírodě","Fyzika kondenzovaných látek a materiálů, fyzika plazmatu a nízkých teplot (Condensed Matter and Material Physics, Plasma Physics and Low Temperature Physics","P204","Tomáš","Wágner","Member","prof. Ing.","DrSc."
"Vědy o neživé přírodě","Biofyzika, makromolekulární fyzika a optika (Biophysics, Macromolecular Physics and Optics","P205","Jakub","Pšenčík","předseda","doc. RNDr.","Ph.D."
"Vědy o neživé přírodě","Biofyzika, makromolekulární fyzika a optika (Biophysics, Macromolecular Physics and Optics","P205","Robert","Vácha","místopředseda","doc. RNDr.","Ph.D."
"Vědy o neživé přírodě","Biofyzika, makromolekulární fyzika a optika (Biophysics, Macromolecular Physics and Optics","P205","Lukasz","Cwiklik","Member","prof.","Ph.D."
"Vědy o neživé přírodě","Biofyzika, makromolekulární fyzika a optika (Biophysics, Macromolecular Physics and Optics","P205","Lenka","Hanyková","Member","doc. RNDr.","Dr."
"Vědy o neživé přírodě","Biofyzika, makromolekulární fyzika a optika (Biophysics, Macromolecular Physics and Optics","P205","Oleg","Lunov","Member","Mgr.","Ph.D."
"Vědy o neživé přírodě","Biofyzika, makromolekulární fyzika a optika (Biophysics, Macromolecular Physics and Optics","P205","Tomáš","Mančal","Member","doc. dr. rer. nat. Mgr.","Ph.D."
"Vědy o neživé přírodě","Biofyzika, makromolekulární fyzika a optika (Biophysics, Macromolecular Physics and Optics","P205","Tomáš","Opatrný","Member","prof. RNDr.","Dr."
"Vědy o neživé přírodě","Biofyzika, makromolekulární fyzika a optika (Biophysics, Macromolecular Physics and Optics","P205","Jan","Řezáč","Member","doc. RNDr.","Ph.D."
"Vědy o neživé přírodě","Biofyzika, makromolekulární fyzika a optika (Biophysics, Macromolecular Physics and Optics","P205","Ota","Samek","Member","Mgr.","Dr."
"Vědy o neživé přírodě","Analytická chemie - chemická a strukturní analýza atomárních, molekulárních a (bio)molekulárních systémů (Analytical Chemistry - Chemical and Structural Analysis of Atomic, Molecular and (Bio)Molecular Systems","P206","Viktor","Kanický","předseda","prof. RNDr.","DrSc."
"Vědy o neživé přírodě","Analytická chemie - chemická a strukturní analýza atomárních, molekulárních a (bio)molekulárních systémů (Analytical Chemistry - Chemical and Structural Analysis of Atomic, Molecular and (Bio)Molecular Systems","P206","Petr","Solich","místopředseda","prof. RNDr.","CSc."
"Vědy o neživé přírodě","Analytická chemie - chemická a strukturní analýza atomárních, molekulárních a (bio)molekulárních systémů (Analytical Chemistry - Chemical and Structural Analysis of Atomic, Molecular and (Bio)Molecular Systems","P206","Josef","Cvačka","Member","doc. RNDr.","Ph.D."
"Vědy o neživé přírodě","Analytická chemie - chemická a strukturní analýza atomárních, molekulárních a (bio)molekulárních systémů (Analytical Chemistry - Chemical and Structural Analysis of Atomic, Molecular and (Bio)Molecular Systems","P206","Miroslav","Fojta","Member","doc. RNDr.","CSc."
"Vědy o neživé přírodě","Analytická chemie - chemická a strukturní analýza atomárních, molekulárních a (bio)molekulárních systémů (Analytical Chemistry - Chemical and Structural Analysis of Atomic, Molecular and (Bio)Molecular Systems","P206","Jan","Langmaier","Member","RNDr.","CSc."
"Vědy o neživé přírodě","Analytická chemie - chemická a strukturní analýza atomárních, molekulárních a (bio)molekulárních systémů (Analytical Chemistry - Chemical and Structural Analysis of Atomic, Molecular and (Bio)Molecular Systems","P206","Miroslav","Lísa","Member","doc. Ing.","Ph.D."
"Vědy o neživé přírodě","Analytická chemie - chemická a strukturní analýza atomárních, molekulárních a (bio)molekulárních systémů (Analytical Chemistry - Chemical and Structural Analysis of Atomic, Molecular and (Bio)Molecular Systems","P206","Jan","Petr","Member","doc. RNDr.","Ph.D."
"Vědy o neživé přírodě","Analytická chemie - chemická a strukturní analýza atomárních, molekulárních a (bio)molekulárních systémů (Analytical Chemistry - Chemical and Structural Analysis of Atomic, Molecular and (Bio)Molecular Systems","P206","Radek","Pohl","Member","Ing.","Ph.D."
"Vědy o neživé přírodě","Analytická chemie - chemická a strukturní analýza atomárních, molekulárních a (bio)molekulárních systémů (Analytical Chemistry - Chemical and Structural Analysis of Atomic, Molecular and (Bio)Molecular Systems","P206","Jan","Preisler","Member","prof. Mgr.","Ph.D."
"Vědy o neživé přírodě","Analytická chemie - chemická a strukturní analýza atomárních, molekulárních a (bio)molekulárních systémů (Analytical Chemistry - Chemical and Structural Analysis of Atomic, Molecular and (Bio)Molecular Systems","P206","Lukáš","Trantírek","Member","doc. Mgr.","Ph.D."
"Vědy o neživé přírodě","Chemické a biochemické přeměny (Chemical and Biochemical Transformations","P207","Aleš","Růžička","předseda","prof. Ing.","Ph.D."
"Vědy o neživé přírodě","Chemické a biochemické přeměny (Chemical and Biochemical Transformations","P207","Petr","Hermann","místopředseda","prof. RNDr.","Ph.D."
"Vědy o neživé přírodě","Chemické a biochemické přeměny (Chemical and Biochemical Transformations","P207","Petr","Beier","Member","Ing.","Ph.D."
"Vědy o neživé přírodě","Chemické a biochemické přeměny (Chemical and Biochemical Transformations","P207","Tomáš","Etrych","Member","RNDr.","Ph.D."
"Vědy o neživé přírodě","Chemické a biochemické přeměny (Chemical and Biochemical Transformations","P207","Bohumír","Grüner","Member","RNDr.","CSc."
"Vědy o neživé přírodě","Chemické a biochemické přeměny (Chemical and Biochemical Transformations","P207","Petr","Klán","Member","prof. RNDr.","Ph.D."
"Vědy o neživé přírodě","Chemické a biochemické přeměny (Chemical and Biochemical Transformations","P207","Martin","Kotora","Member","prof. RNDr.","CSc."
"Vědy o neživé přírodě","Chemické a biochemické přeměny (Chemical and Biochemical Transformations","P207","Pavel","Lhoták","Member","prof. Ing.","CSc."
"Vědy o neživé přírodě","Chemické a biochemické přeměny (Chemical and Biochemical Transformations","P207","Petr","Štěpnička","Member","prof. RNDr.","Ph.D."
"Vědy o neživé přírodě","Chemické a biochemické přeměny (Chemical and Biochemical Transformations","P207","Petr","Zimčík","Member","prof. PharmDr.","Ph.D."
"Vědy o neživé přírodě","Chemická fyzika a fyzikální chemie (Chemical Physics and Physical Chemistry","P208","Pavel","Matějíček","předseda","doc. RNDr.","Ph.D."
"Vědy o neživé přírodě","Chemická fyzika a fyzikální chemie (Chemical Physics and Physical Chemistry","P208","Michal","Straka","místopředseda","doc. Mgr.","Ph.D."
"Vědy o neživé přírodě","Chemická fyzika a fyzikální chemie (Chemical Physics and Physical Chemistry","P208","Drahomír","Hnyk","Member","RNDr.","CSc."
"Vědy o neživé přírodě","Chemická fyzika a fyzikální chemie (Chemical Physics and Physical Chemistry","P208","Pavel","Jelínek","Member","doc. Ing.","Ph.D."
"Vědy o neživé přírodě","Chemická fyzika a fyzikální chemie (Chemical Physics and Physical Chemistry","P208","Libor","Juha","Member","Ing.","CSc."
"Vědy o neživé přírodě","Chemická fyzika a fyzikální chemie (Chemical Physics and Physical Chemistry","P208","Radek","Marek","Member","prof. RNDr.","Ph.D."
"Vědy o neživé přírodě","Chemická fyzika a fyzikální chemie (Chemical Physics and Physical Chemistry","P208","Martin","Srnec","Member","RNDr.","Ph.D."
"Vědy o neživé přírodě","Chemická fyzika a fyzikální chemie (Chemical Physics and Physical Chemistry","P208","Elena","Tomšík","Member","Ing.","Ph.D."
"Vědy o neživé přírodě","Chemická fyzika a fyzikální chemie (Chemical Physics and Physical Chemistry","P208","Filip","Uhlík","Member","doc. RNDr.","Ph.D."
"Vědy o neživé přírodě","Vědy o atmosféře, hydrologie, fyzická geografie a geofyzika (Atmospheric Sciences, Hydrology, Physical Geography and Geophysics","P209","Michal","Dohnal","předseda","doc. Ing.","Ph.D."
"Vědy o neživé přírodě","Vědy o atmosféře, hydrologie, fyzická geografie a geofyzika (Atmospheric Sciences, Hydrology, Physical Geography and Geophysics","P209","Hana","Čížková","místopředsedkyně","doc. RNDr.","Ph.D."
"Vědy o neživé přírodě","Vědy o atmosféře, hydrologie, fyzická geografie a geofyzika (Atmospheric Sciences, Hydrology, Physical Geography and Geophysics","P209","Tomáš","Fischer","Member","prof. RNDr.","Ph.D."
"Vědy o neživé přírodě","Vědy o atmosféře, hydrologie, fyzická geografie a geofyzika (Atmospheric Sciences, Hydrology, Physical Geography and Geophysics","P209","Asa","Gholizadeh","Member","M. Sc. Dr.","Ph.D."
"Vědy o neživé přírodě","Vědy o atmosféře, hydrologie, fyzická geografie a geofyzika (Atmospheric Sciences, Hydrology, Physical Geography and Geophysics","P209","Radan","Huth","Member","doc. RNDr.","DrSc."
"Vědy o neživé přírodě","Vědy o atmosféře, hydrologie, fyzická geografie a geofyzika (Atmospheric Sciences, Hydrology, Physical Geography and Geophysics","P209","Jan","Klimeš","Member","RNDr.","Ph.D."
"Vědy o neživé přírodě","Vědy o atmosféře, hydrologie, fyzická geografie a geofyzika (Atmospheric Sciences, Hydrology, Physical Geography and Geophysics","P209","Ivana","Kolmašová","Member","Ing.","Ph.D."
"Vědy o neživé přírodě","Vědy o atmosféře, hydrologie, fyzická geografie a geofyzika (Atmospheric Sciences, Hydrology, Physical Geography and Geophysics","P209","Martin","Margold","Member","Mgr.","Ph.D."
"Vědy o neživé přírodě","Vědy o atmosféře, hydrologie, fyzická geografie a geofyzika (Atmospheric Sciences, Hydrology, Physical Geography and Geophysics","P209","Petr","Pišoft","Member","doc. RNDr.","Ph.D."
"Vědy o neživé přírodě","Geochemie, geologie a mineralogie, hydrogeologie (Geochemistry, geology and mineralogy, hydrogeology","P210","Vojtěch","Ettler","předseda","prof. RNDr.","Ph.D."
"Vědy o neživé přírodě","Geochemie, geologie a mineralogie, hydrogeologie (Geochemistry, geology and mineralogy, hydrogeology","P210","Ladislav","Slavík","místopředseda","RNDr.","CSc."
"Vědy o neživé přírodě","Geochemie, geologie a mineralogie, hydrogeologie (Geochemistry, geology and mineralogy, hydrogeology","P210","Jiří","Bruthans","Member","doc. RNDr.","Ph.D."
"Vědy o neživé přírodě","Geochemie, geologie a mineralogie, hydrogeologie (Geochemistry, geology and mineralogy, hydrogeology","P210","Barbora","Doušová","Member","doc. Ing.","CSc."
"Vědy o neživé přírodě","Geochemie, geologie a mineralogie, hydrogeologie (Geochemistry, geology and mineralogy, hydrogeology","P210","Jakub","Jirásek","Member","doc. Ing.","Ph.D."
"Vědy o neživé přírodě","Geochemie, geologie a mineralogie, hydrogeologie (Geochemistry, geology and mineralogy, hydrogeology","P210","Michael","Komárek","Member","prof. RNDr.","Ph.D."
"Vědy o neživé přírodě","Geochemie, geologie a mineralogie, hydrogeologie (Geochemistry, geology and mineralogy, hydrogeology","P210","Jiří","Kvaček","Member","doc. RNDr.","CSc."
"Vědy o neživé přírodě","Geochemie, geologie a mineralogie, hydrogeologie (Geochemistry, geology and mineralogy, hydrogeology","P210","Zuzana","Roxerová","Member","RNDr.","Ph.D."
"Vědy o neživé přírodě","Geochemie, geologie a mineralogie, hydrogeologie (Geochemistry, geology and mineralogy, hydrogeology","P210","Karel","Schulmann","Member","prof. RNDr. CSc.","NA"
"Lékařské a biologické vědy","Molekulární a strukturní biologie, genetika, genomika a bioinformatika (Molecular and Structural Biology, Genetics, Genomics and Bioinformatics","P301","Václav","Veverka","předseda","Ing.","Ph.D."
"Lékařské a biologické vědy","Molekulární a strukturní biologie, genetika, genomika a bioinformatika (Molecular and Structural Biology, Genetics, Genomics and Bioinformatics","P301","Jiří","Hejnar","místopředseda","RNDr.","CSc."
"Lékařské a biologické vědy","Molekulární a strukturní biologie, genetika, genomika a bioinformatika (Molecular and Structural Biology, Genetics, Genomics and Bioinformatics","P301","Karel","Berka","Member","doc. RNDr.","Ph.D."
"Lékařské a biologické vědy","Molekulární a strukturní biologie, genetika, genomika a bioinformatika (Molecular and Structural Biology, Genetics, Genomics and Bioinformatics","P301","Ivana","Kutá","Member","prof. Mgr.","Ph.D."
"Lékařské a biologické vědy","Molekulární a strukturní biologie, genetika, genomika a bioinformatika (Molecular and Structural Biology, Genetics, Genomics and Bioinformatics","P301","Jakub","Sikora","Member","MUDr.","Ph.D."
"Lékařské a biologické vědy","Molekulární a strukturní biologie, genetika, genomika a bioinformatika (Molecular and Structural Biology, Genetics, Genomics and Bioinformatics","P301","Jan","Ševčík","Member","Mgr.","Ph.D."
"Lékařské a biologické vědy","Molekulární a strukturní biologie, genetika, genomika a bioinformatika (Molecular and Structural Biology, Genetics, Genomics and Bioinformatics","P301","Richard","Štefl","Member","prof. Mgr.","Ph.D."
"Lékařské a biologické vědy","Molekulární a strukturní biologie, genetika, genomika a bioinformatika (Molecular and Structural Biology, Genetics, Genomics and Bioinformatics","P301","Roman","Tůma","Member","doc. Mgr.","Ph.D."
"Lékařské a biologické vědy","Molekulární a strukturní biologie, genetika, genomika a bioinformatika (Molecular and Structural Biology, Genetics, Genomics and Bioinformatics","P301","Leoš","Valášek","Member","Mgr.","Dr. rer. nat."
"Lékařské a biologické vědy","Molekulární a strukturní biologie, genetika, genomika a bioinformatika (Molecular and Structural Biology, Genetics, Genomics and Bioinformatics","P301","Jiří","Vondrášek","Member","doc. RNDr.","CSc."
"Lékařské a biologické vědy","Mikrobiologie, parazitologie, imunologie a biotechnologie (Microbiology, Parasitology, Immunology and Biotechnology","P302","Lukáš","Kubala","předseda","doc. Mgr.","Ph.D."
"Lékařské a biologické vědy","Mikrobiologie, parazitologie, imunologie a biotechnologie (Microbiology, Parasitology, Immunology and Biotechnology","P302","Helena","Žemličková","místopředsedkyně","doc. MUDr.","Ph.D."
"Lékařské a biologické vědy","Mikrobiologie, parazitologie, imunologie a biotechnologie (Microbiology, Parasitology, Immunology and Biotechnology","P302","et","Evžen","Member","Mgr. Mgr.","Ph.D."
"Lékařské a biologické vědy","Mikrobiologie, parazitologie, imunologie a biotechnologie (Microbiology, Parasitology, Immunology and Biotechnology","P302","Monika","Dolejská","Member","doc. RNDr.","Ph.D."
"Lékařské a biologické vědy","Mikrobiologie, parazitologie, imunologie a biotechnologie (Microbiology, Parasitology, Immunology and Biotechnology","P302","Peter","Dráber","Member","Mgr.","Ph.D."
"Lékařské a biologické vědy","Mikrobiologie, parazitologie, imunologie a biotechnologie (Microbiology, Parasitology, Immunology and Biotechnology","P302","Ivan","Hirsch","Member","prof. RNDr.","CSc."
"Lékařské a biologické vědy","Mikrobiologie, parazitologie, imunologie a biotechnologie (Microbiology, Parasitology, Immunology and Biotechnology","P302","Vjačeslav","Jurčenko","Member","prof. M. Sc.","Ph.D."
"Lékařské a biologické vědy","Mikrobiologie, parazitologie, imunologie a biotechnologie (Microbiology, Parasitology, Immunology and Biotechnology","P302","Peter","Šebo","Member","prof. Ing.","CSc."
"Lékařské a biologické vědy","Mikrobiologie, parazitologie, imunologie a biotechnologie (Microbiology, Parasitology, Immunology and Biotechnology","P302","Anna","Šedivá","Member","prof. MUDr.","DSc."
"Lékařské a biologické vědy","Mikrobiologie, parazitologie, imunologie a biotechnologie (Microbiology, Parasitology, Immunology and Biotechnology","P302","Jan","Tachezy","Member","prof. RNDr.","Ph.D."
"Lékařské a biologické vědy","Buněčná, vývojová a evoluční biologie (Cell, Developmental and Evolutionary Biology","P303","Jakub","Rohlena","předseda","Mgr.","Ph.D."
"Lékařské a biologické vědy","Buněčná, vývojová a evoluční biologie (Cell, Developmental and Evolutionary Biology","P303","Martin","Pšenička","místopředseda","doc. Ing.","Ph.D."
"Lékařské a biologické vědy","Buněčná, vývojová a evoluční biologie (Cell, Developmental and Evolutionary Biology","P303","Alexander","William","Member","prof.","Ph.D."
"Lékařské a biologické vědy","Buněčná, vývojová a evoluční biologie (Cell, Developmental and Evolutionary Biology","P303","Marcela","Buchtová","Member","doc. RNDr.","Ph.D."
"Lékařské a biologické vědy","Buněčná, vývojová a evoluční biologie (Cell, Developmental and Evolutionary Biology","P303","Marek","Eliáš","Member","prof. Mgr.","Ph.D."
"Lékařské a biologické vědy","Buněčná, vývojová a evoluční biologie (Cell, Developmental and Evolutionary Biology","P303","Petr","Mlejnek","Member","doc. RNDr.","Ph.D."
"Lékařské a biologické vědy","Buněčná, vývojová a evoluční biologie (Cell, Developmental and Evolutionary Biology","P303","Vladimír","Rotrekl","Member","Mgr.","Ph.D."
"Lékařské a biologické vědy","Buněčná, vývojová a evoluční biologie (Cell, Developmental and Evolutionary Biology","P303","Andrej","Šušor","Member","Ing.","Ph.D."
"Lékařské a biologické vědy","Buněčná, vývojová a evoluční biologie (Cell, Developmental and Evolutionary Biology","P303","Michaela","Tencerová","Member","Mgr.","Ph.D."
"Lékařské a biologické vědy","Buněčná, vývojová a evoluční biologie (Cell, Developmental and Evolutionary Biology","P303","Viktor","Žárský","Member","prof. RNDr.","CSc."
"Lékařské a biologické vědy","Nádorová biologie, experimentální onkologie, morfologické obory a patologie (Tumor Biology, Experimental Oncology, Morphological Disciplines and Pathology","P304","Petr","Müller","předseda","MUDr.","Ph.D."
"Lékařské a biologické vědy","Nádorová biologie, experimentální onkologie, morfologické obory a patologie (Tumor Biology, Experimental Oncology, Morphological Disciplines and Pathology","P304","Zbyněk","Tonar","místopředseda","prof. MUDr. Mgr.","Ph.D."
"Lékařské a biologické vědy","Nádorová biologie, experimentální onkologie, morfologické obory a patologie (Tumor Biology, Experimental Oncology, Morphological Disciplines and Pathology","P304","Jan","Bouček","Member","doc. MUDr.","Ph.D."
"Lékařské a biologické vědy","Nádorová biologie, experimentální onkologie, morfologické obory a patologie (Tumor Biology, Experimental Oncology, Morphological Disciplines and Pathology","P304","Roman","Hájek","Member","prof. MUDr.","CSc."
"Lékařské a biologické vědy","Nádorová biologie, experimentální onkologie, morfologické obory a patologie (Tumor Biology, Experimental Oncology, Morphological Disciplines and Pathology","P304","Matouš","Hrdinka","Member","RNDr.","Ph.D."
"Lékařské a biologické vědy","Nádorová biologie, experimentální onkologie, morfologické obory a patologie (Tumor Biology, Experimental Oncology, Morphological Disciplines and Pathology","P304","Petr","Ježek","Member","RNDr.","DrSc."
"Lékařské a biologické vědy","Nádorová biologie, experimentální onkologie, morfologické obory a patologie (Tumor Biology, Experimental Oncology, Morphological Disciplines and Pathology","P304","Marek","Mráz","Member","doc. MUDr. Mgr.","Ph.D."
"Lékařské a biologické vědy","Nádorová biologie, experimentální onkologie, morfologické obory a patologie (Tumor Biology, Experimental Oncology, Morphological Disciplines and Pathology","P304","Miroslav","Strnad","Member","prof. Ing.","DSc."
"Lékařské a biologické vědy","Nádorová biologie, experimentální onkologie, morfologické obory a patologie (Tumor Biology, Experimental Oncology, Morphological Disciplines and Pathology","P304","Olga","Šebestová","Member","Mgr.","Ph.D."
"Lékařské a biologické vědy","Nádorová biologie, experimentální onkologie, morfologické obory a patologie (Tumor Biology, Experimental Oncology, Morphological Disciplines and Pathology","P304","Pavel","Vodička","Member","MUDr.","CSc."
"Lékařské a biologické vědy","Lékařské fyziologické obory a neurovědy, diagnostika a terapie, translační výzkum (Medical Physiology and Neuroscience, Diagnostics and Therapy, Translational research","P305","Aleš","Hampl","předseda","doc. MVDr.","CSc."
"Lékařské a biologické vědy","Lékařské fyziologické obory a neurovědy, diagnostika a terapie, translační výzkum (Medical Physiology and Neuroscience, Diagnostics and Therapy, Translational research","P305","Šárka","Kubinová","místopředseda","PharmDr.","Ph.D."
"Lékařské a biologické vědy","Lékařské fyziologické obory a neurovědy, diagnostika a terapie, translační výzkum (Medical Physiology and Neuroscience, Diagnostics and Therapy, Translational research","P305","Martin","Brunovský","Member","MUDr.","Ph.D."
"Lékařské a biologické vědy","Lékařské fyziologické obory a neurovědy, diagnostika a terapie, translační výzkum (Medical Physiology and Neuroscience, Diagnostics and Therapy, Translational research","P305","Julie","Dobrovolná","Member","prof. MUDr.","Ph.D."
"Lékařské a biologické vědy","Lékařské fyziologické obory a neurovědy, diagnostika a terapie, translační výzkum (Medical Physiology and Neuroscience, Diagnostics and Therapy, Translational research","P305","Martin","Horák","Member","Mgr.","Ph.D."
"Lékařské a biologické vědy","Lékařské fyziologické obory a neurovědy, diagnostika a terapie, translační výzkum (Medical Physiology and Neuroscience, Diagnostics and Therapy, Translational research","P305","Petr","Kaňovský","Member","prof. MUDr.","CSc."
"Lékařské a biologické vědy","Lékařské fyziologické obory a neurovědy, diagnostika a terapie, translační výzkum (Medical Physiology and Neuroscience, Diagnostics and Therapy, Translational research","P305","Jan","Korábečný","Member","doc. PharmDr.","Ph.D."
"Lékařské a biologické vědy","Lékařské fyziologické obory a neurovědy, diagnostika a terapie, translační výzkum (Medical Physiology and Neuroscience, Diagnostics and Therapy, Translational research","P305","Jan","Laczó","Member","prof. MUDr.","Ph.D."
"Lékařské a biologické vědy","Lékařské fyziologické obory a neurovědy, diagnostika a terapie, translační výzkum (Medical Physiology and Neuroscience, Diagnostics and Therapy, Translational research","P305","Michal","Masařík","Member","prof. RNDr.","Ph.D."
"Lékařské a biologické vědy","Lékařské fyziologické obory a neurovědy, diagnostika a terapie, translační výzkum (Medical Physiology and Neuroscience, Diagnostics and Therapy, Translational research","P305","Kamil","Musílek","Member","prof. PharmDr.","Ph.D."
"Lékařské a biologické vědy","Lékařské fyziologické obory a neurovědy, diagnostika a terapie, translační výzkum (Medical Physiology and Neuroscience, Diagnostics and Therapy, Translational research","P305","Petr","Pávek","Member","prof. PharmDr.","Ph.D."
"Lékařské a biologické vědy","Lékařské fyziologické obory a neurovědy, diagnostika a terapie, translační výzkum (Medical Physiology and Neuroscience, Diagnostics and Therapy, Translational research","P305","Martin","Rossmeisl","Member","MUDr.","Ph.D."
"Lékařské a biologické vědy","Lékařské fyziologické obory a neurovědy, diagnostika a terapie, translační výzkum (Medical Physiology and Neuroscience, Diagnostics and Therapy, Translational research","P305","Markéta","Tesařová","Member","Ing.","Ph.D."
"Lékařské a biologické vědy","Farmakologie, toxikologie, lékařská biochemie, lékařská biofyzika (Pharmacology, Toxicology, Medical Biochemistry, Medical Biophysics","P306","Pavel","Anzenbacher","předseda","prof. RNDr.","DrSc."
"Lékařské a biologické vědy","Farmakologie, toxikologie, lékařská biochemie, lékařská biofyzika (Pharmacology, Toxicology, Medical Biochemistry, Medical Biophysics","P306","Viktor","Brabec","místopředseda","prof. RNDr.","DrSc."
"Lékařské a biologické vědy","Farmakologie, toxikologie, lékařská biochemie, lékařská biofyzika (Pharmacology, Toxicology, Medical Biochemistry, Medical Biophysics","P306","Petr","Babula","Member","prof. PharmDr.","Ph.D."
"Lékařské a biologické vědy","Farmakologie, toxikologie, lékařská biochemie, lékařská biofyzika (Pharmacology, Toxicology, Medical Biochemistry, Medical Biophysics","P306","Helena","Mertlíková","Member","PharmDr.","PhD."
"Lékařské a biologické vědy","Farmakologie, toxikologie, lékařská biochemie, lékařská biofyzika (Pharmacology, Toxicology, Medical Biochemistry, Medical Biophysics","P306","Jana","Rudá","Member","doc. PharmDr.","Ph.D."
"Lékařské a biologické vědy","Farmakologie, toxikologie, lékařská biochemie, lékařská biofyzika (Pharmacology, Toxicology, Medical Biochemistry, Medical Biophysics","P306","Ondřej","Slanař","Member","prof. MUDr.","Ph.D."
"Lékařské a biologické vědy","Farmakologie, toxikologie, lékařská biochemie, lékařská biofyzika (Pharmacology, Toxicology, Medical Biochemistry, Medical Biophysics","P306","Ondřej","Soukup","Member","doc. PharmDr.","Ph.D."
"Lékařské a biologické vědy","Farmakologie, toxikologie, lékařská biochemie, lékařská biofyzika (Pharmacology, Toxicology, Medical Biochemistry, Medical Biophysics","P306","František","Štaud","Member","prof. PharmDr.","Ph.D."
"Lékařské a biologické vědy","Farmakologie, toxikologie, lékařská biochemie, lékařská biofyzika (Pharmacology, Toxicology, Medical Biochemistry, Medical Biophysics","P306","Kateřina","Valentová","Member","doc. Ing.","Ph.D."
"Lékařské a biologické vědy","Farmakologie, toxikologie, lékařská biochemie, lékařská biofyzika (Pharmacology, Toxicology, Medical Biochemistry, Medical Biophysics","P306","Viktorie","Vlachová","Member","RNDr.","DrSc."
"Společenské a humanitní vědy","Filosofie, teologie, religionistika (Philosophy, Theology, Religious Studies","P401","Tomáš","Pavlíček","předseda","Dr. Phil.","Ph.D."
"Společenské a humanitní vědy","Filosofie, teologie, religionistika (Philosophy, Theology, Religious Studies","P401","Michaela","Fišerová","místopředsedkyně","doc. Mgr.","Ph.D."
"Společenské a humanitní vědy","Filosofie, teologie, religionistika (Philosophy, Theology, Religious Studies","P401","Hynek","Bartoš","Member","doc. Mgr.","Ph.D."
"Společenské a humanitní vědy","Filosofie, teologie, religionistika (Philosophy, Theology, Religious Studies","P401","Libor","Běhounek","Member","Mgr.","Ph.D."
"Společenské a humanitní vědy","Filosofie, teologie, religionistika (Philosophy, Theology, Religious Studies","P401","Radim","Bělohrad","Member","doc. Mgr.","Ph.D."
"Společenské a humanitní vědy","Filosofie, teologie, religionistika (Philosophy, Theology, Religious Studies","P401","Martin","Brabec","Member","Mgr. Ing.","Ph.D."
"Společenské a humanitní vědy","Filosofie, teologie, religionistika (Philosophy, Theology, Religious Studies","P401","Jakub","Čapek","Member","doc. Mgr.","Ph.D."
"Společenské a humanitní vědy","Filosofie, teologie, religionistika (Philosophy, Theology, Religious Studies","P401","et","Carles","Member","Mgr. Mgr.","Ph.D."
"Společenské a humanitní vědy","Filosofie, teologie, religionistika (Philosophy, Theology, Religious Studies","P401","et","Jana","Member","doc. Mgr. Mgr.","Ph.D."
"Společenské a humanitní vědy","Filosofie, teologie, religionistika (Philosophy, Theology, Religious Studies","P401","Karel","Sládek","Member","doc. RNDr. ThLic.","Ph.D."
"Společenské a humanitní vědy","Filosofie, teologie, religionistika (Philosophy, Theology, Religious Studies","P401","Filip","Tvrdý","Member","Mgr.","Ph.D."
"Společenské a humanitní vědy","Filosofie, teologie, religionistika (Philosophy, Theology, Religious Studies","P401","David","Vopřada","Member","doc.","Dr."
"Společenské a humanitní vědy","Ekonomické vědy, makroekonomie, mikroekonomie, ekonometrie mimo finanční ekonometrii, kvantitativní metody v ekonomii mimo operační výzkum (Economic Sciences, Macroeconomics, Microeconomics, Econometrics except Financial Econometrics, Quantitative Methods in Economics except Operational Research","P402","Martin","Macháček","předseda","prof. Ing.","Ph.D. et Ph.D."
"Společenské a humanitní vědy","Ekonomické vědy, makroekonomie, mikroekonomie, ekonometrie mimo finanční ekonometrii, kvantitativní metody v ekonomii mimo operační výzkum (Economic Sciences, Macroeconomics, Microeconomics, Econometrics except Financial Econometrics, Quantitative Methods in Economics except Operational Research","P402","Tomáš","Formánek","místopředseda","doc. Ing.","Ph.D."
"Společenské a humanitní vědy","Ekonomické vědy, makroekonomie, mikroekonomie, ekonometrie mimo finanční ekonometrii, kvantitativní metody v ekonomii mimo operační výzkum (Economic Sciences, Macroeconomics, Microeconomics, Econometrics except Financial Econometrics, Quantitative Methods in Economics except Operational Research","P402","Michal","Bauer","Member","PhDr.","Ph.D."
"Společenské a humanitní vědy","Ekonomické vědy, makroekonomie, mikroekonomie, ekonometrie mimo finanční ekonometrii, kvantitativní metody v ekonomii mimo operační výzkum (Economic Sciences, Macroeconomics, Microeconomics, Econometrics except Financial Econometrics, Quantitative Methods in Economics except Operational Research","P402","Jaromír","Baxa","Member","PhDr.","Ph.D."
"Společenské a humanitní vědy","Ekonomické vědy, makroekonomie, mikroekonomie, ekonometrie mimo finanční ekonometrii, kvantitativní metody v ekonomii mimo operační výzkum (Economic Sciences, Macroeconomics, Microeconomics, Econometrics except Financial Econometrics, Quantitative Methods in Economics except Operational Research","P402","Jan","Čadil","Member","prof. Ing.","Ph.D."
"Společenské a humanitní vědy","Ekonomické vědy, makroekonomie, mikroekonomie, ekonometrie mimo finanční ekonometrii, kvantitativní metody v ekonomii mimo operační výzkum (Economic Sciences, Macroeconomics, Microeconomics, Econometrics except Financial Econometrics, Quantitative Methods in Economics except Operational Research","P402","Lenka","Komárková","Member","doc. RNDr.","Ph.D."
"Společenské a humanitní vědy","Ekonomické vědy, makroekonomie, mikroekonomie, ekonometrie mimo finanční ekonometrii, kvantitativní metody v ekonomii mimo operační výzkum (Economic Sciences, Macroeconomics, Microeconomics, Econometrics except Financial Econometrics, Quantitative Methods in Economics except Operational Research","P402","Michal","Pešta","Member","doc. RNDr.","Ph.D."
"Společenské a humanitní vědy","Ekonomické vědy, makroekonomie, mikroekonomie, ekonometrie mimo finanční ekonometrii, kvantitativní metody v ekonomii mimo operační výzkum (Economic Sciences, Macroeconomics, Microeconomics, Econometrics except Financial Econometrics, Quantitative Methods in Economics except Operational Research","P402","Rostislav","Staněk","Member","doc. Ing.","Ph.D."
"Společenské a humanitní vědy","Ekonomické vědy, makroekonomie, mikroekonomie, ekonometrie mimo finanční ekonometrii, kvantitativní metody v ekonomii mimo operační výzkum (Economic Sciences, Macroeconomics, Microeconomics, Econometrics except Financial Econometrics, Quantitative Methods in Economics except Operational Research","P402","Luboš","Střelec","Member","doc. Ing.","Ph.D."
"Společenské a humanitní vědy","Ekonomické vědy, makroekonomie, mikroekonomie, ekonometrie mimo finanční ekonometrii, kvantitativní metody v ekonomii mimo operační výzkum (Economic Sciences, Macroeconomics, Microeconomics, Econometrics except Financial Econometrics, Quantitative Methods in Economics except Operational Research","P402","Tomáš","Tichý","Member","prof. Ing.","Ph.D."
"Společenské a humanitní vědy","Ekonomické vědy, makroekonomie, mikroekonomie, ekonometrie mimo finanční ekonometrii, kvantitativní metody v ekonomii mimo operační výzkum (Economic Sciences, Macroeconomics, Microeconomics, Econometrics except Financial Econometrics, Quantitative Methods in Economics except Operational Research","P402","Jiří","Witzany","Member","prof. RNDr.","Ph.D."
"Společenské a humanitní vědy","Ekonomické vědy, makroekonomie, mikroekonomie, ekonometrie mimo finanční ekonometrii, kvantitativní metody v ekonomii mimo operační výzkum (Economic Sciences, Macroeconomics, Microeconomics, Econometrics except Financial Econometrics, Quantitative Methods in Economics except Operational Research","P402","Jan","Zápal","Member","PhDr.","Ph.D."
"Společenské a humanitní vědy","Podnikové a manažerské vědy, finance, finanční ekonometrie a operační výzkum (Business and Management Science, Finance, Financial Econometrics and Operational Research","P403","Martin","Srholec","předseda","Ing.","Ph.D."
"Společenské a humanitní vědy","Podnikové a manažerské vědy, finance, finanční ekonometrie a operační výzkum (Business and Management Science, Finance, Financial Econometrics and Operational Research","P403","Karel","Janda","místopředseda","prof. Ing.","M.A."
"Společenské a humanitní vědy","Podnikové a manažerské vědy, finance, finanční ekonometrie a operační výzkum (Business and Management Science, Finance, Financial Econometrics and Operational Research","P403","Eduard","Baumöhl","Member","doc. Ing.","Ph.D."
"Společenské a humanitní vědy","Podnikové a manažerské vědy, finance, finanční ekonometrie a operační výzkum (Business and Management Science, Finance, Financial Econometrics and Operational Research","P403","Martin","Branda","Member","doc. RNDr.","Ph.D."
"Společenské a humanitní vědy","Podnikové a manažerské vědy, finance, finanční ekonometrie a operační výzkum (Business and Management Science, Finance, Financial Econometrics and Operational Research","P403","Michal","Černý","Member","prof. RNDr. Ing.","Ph.D."
"Společenské a humanitní vědy","Podnikové a manažerské vědy, finance, finanční ekonometrie a operační výzkum (Business and Management Science, Finance, Financial Econometrics and Operational Research","P403","Adam","Geršl","Member","doc. PhDr.","Ph.D."
"Společenské a humanitní vědy","Podnikové a manažerské vědy, finance, finanční ekonometrie a operační výzkum (Business and Management Science, Finance, Financial Econometrics and Operational Research","P403","Petr","Houdek","Member","doc. Ing.","Ph.D."
"Společenské a humanitní vědy","Podnikové a manažerské vědy, finance, finanční ekonometrie a operační výzkum (Business and Management Science, Finance, Financial Econometrics and Operational Research","P403","Svatopluk","Kapounek","Member","doc. Ing.","Ph.D."
"Společenské a humanitní vědy","Podnikové a manažerské vědy, finance, finanční ekonometrie a operační výzkum (Business and Management Science, Finance, Financial Econometrics and Operational Research","P403","Aleš","Kresta","Member","doc. Ing.","Ph.D."
"Společenské a humanitní vědy","Podnikové a manažerské vědy, finance, finanční ekonometrie a operační výzkum (Business and Management Science, Finance, Financial Econometrics and Operational Research","P403","Drahomíra","Pavelková","Member","prof. Dr. Ing.","NA"
"Společenské a humanitní vědy","Podnikové a manažerské vědy, finance, finanční ekonometrie a operační výzkum (Business and Management Science, Finance, Financial Econometrics and Operational Research","P403","Martin","Pělucha","Member","prof. Ing.","Ph.D."
"Společenské a humanitní vědy","Podnikové a manažerské vědy, finance, finanční ekonometrie a operační výzkum (Business and Management Science, Finance, Financial Econometrics and Operational Research","P403","Luboš","Smutka","Member","prof. Ing.","Ph.D."
"Společenské a humanitní vědy","Sociologie, demografie, sociální geografie a mediální studia (Sociology, Demography, Social Geography and Media Studies","P404","Jan","Jirák","předseda","prof. PhDr.","Ph.D."
"Společenské a humanitní vědy","Sociologie, demografie, sociální geografie a mediální studia (Sociology, Demography, Social Geography and Media Studies","P404","Hana","Hašková","místopředsedkyně","PhDr.","Ph.D."
"Společenské a humanitní vědy","Sociologie, demografie, sociální geografie a mediální studia (Sociology, Demography, Social Geography and Media Studies","P404","Martin","Hájek","Member","doc. Mgr.","Ph.D."
"Společenské a humanitní vědy","Sociologie, demografie, sociální geografie a mediální studia (Sociology, Demography, Social Geography and Media Studies","P404","Jiří","Horák","Member","doc. Dr. Ing.","NA"
"Společenské a humanitní vědy","Sociologie, demografie, sociální geografie a mediální studia (Sociology, Demography, Social Geography and Media Studies","P404","Bernadette","Nadya","Member","doc.","Ph.D."
"Společenské a humanitní vědy","Sociologie, demografie, sociální geografie a mediální studia (Sociology, Demography, Social Geography and Media Studies","P404","Soňa","Kalenda","Member","doc. Mgr.","Ph.D."
"Společenské a humanitní vědy","Sociologie, demografie, sociální geografie a mediální studia (Sociology, Demography, Social Geography and Media Studies","P404","Josef","Kunc","Member","doc. RNDr.","Ph.D."
"Společenské a humanitní vědy","Sociologie, demografie, sociální geografie a mediální studia (Sociology, Demography, Social Geography and Media Studies","P404","Martin","Lux","Member","doc. Ing. Mgr.","Ph.D."
"Společenské a humanitní vědy","Sociologie, demografie, sociální geografie a mediální studia (Sociology, Demography, Social Geography and Media Studies","P404","Petr","Mazouch","Member","Mgr. Ing.","Ph.D."
"Společenské a humanitní vědy","Sociologie, demografie, sociální geografie a mediální studia (Sociology, Demography, Social Geography and Media Studies","P404","Luděk","Sýkora","Member","prof. RNDr.","Ph.D."
"Společenské a humanitní vědy","Sociologie, demografie, sociální geografie a mediální studia (Sociology, Demography, Social Geography and Media Studies","P404","Anna","Šťastná","Member","PhDr. Mgr.","Ph.D."
"Společenské a humanitní vědy","Sociologie, demografie, sociální geografie a mediální studia (Sociology, Demography, Social Geography and Media Studies","P404","Lucie","Vidovićová","Member","Mgr.","Ph.D."
"Společenské a humanitní vědy","Archeologie a starší dějiny do roku 1780 (Archeology and Pre-Modern History until 1780","P405","Pavel","Himl","předseda","prof. Dr. phil.","NA"
"Společenské a humanitní vědy","Archeologie a starší dějiny do roku 1780 (Archeology and Pre-Modern History until 1780","P405","Martin","Novák","místopředseda","Mgr.","Ph.D."
"Společenské a humanitní vědy","Archeologie a starší dějiny do roku 1780 (Archeology and Pre-Modern History until 1780","P405","Robert","Antonín","Member","doc. Mgr.","Ph.D."
"Společenské a humanitní vědy","Archeologie a starší dějiny do roku 1780 (Archeology and Pre-Modern History until 1780","P405","Alžběta","Frank","Member","Mgr.","Ph.D."
"Společenské a humanitní vědy","Archeologie a starší dějiny do roku 1780 (Archeology and Pre-Modern History until 1780","P405","Jana","Grollová","Member","Mgr.","Ph.D."
"Společenské a humanitní vědy","Archeologie a starší dějiny do roku 1780 (Archeology and Pre-Modern History until 1780","P405","Ondřej","Chvojka","Member","doc. Mgr.","Ph.D."
"Společenské a humanitní vědy","Archeologie a starší dějiny do roku 1780 (Archeology and Pre-Modern History until 1780","P405","David","Kalhous","Member","doc. Mgr.","Ph.D."
"Společenské a humanitní vědy","Archeologie a starší dějiny do roku 1780 (Archeology and Pre-Modern History until 1780","P405","Lumír","Poláček","Member","PhDr.","CSc."
"Společenské a humanitní vědy","Archeologie a starší dějiny do roku 1780 (Archeology and Pre-Modern History until 1780","P405","Jaroslav","Svátek","Member","Mgr.","Ph.D."
"Společenské a humanitní vědy","Archeologie a starší dějiny do roku 1780 (Archeology and Pre-Modern History until 1780","P405","Ivo","Štefan","Member","PhDr.","Ph.D."
"Společenské a humanitní vědy","Archeologie a starší dějiny do roku 1780 (Archeology and Pre-Modern History until 1780","P405","Petr","Velemínský","Member","RNDr.","Ph.D."
"Společenské a humanitní vědy","Archeologie a starší dějiny do roku 1780 (Archeology and Pre-Modern History until 1780","P405","Ondřej","Vodička","Member","Mgr.","Ph.D."
"Společenské a humanitní vědy","Lingvistika a literární vědy (Linguistics and Literature","P406","Petr","Dytrt","předseda","doc. PhDr.","Ph.D."
"Společenské a humanitní vědy","Lingvistika a literární vědy (Linguistics and Literature","P406","Magda","Ševčíková","místopředsedkyně","Mgr.","Ph.D."
"Společenské a humanitní vědy","Lingvistika a literární vědy (Linguistics and Literature","P406","Martin","Bažil","Member","Mgr.","Ph.D."
"Společenské a humanitní vědy","Lingvistika a literární vědy (Linguistics and Literature","P406","Petr","Kitzler","Member","PhDr.","Ph.D."
"Společenské a humanitní vědy","Lingvistika a literární vědy (Linguistics and Literature","P406","Blanka","Klímová","Member","doc. PhDr.","M.A."
"Společenské a humanitní vědy","Lingvistika a literární vědy (Linguistics and Literature","P406","František","Kratochvíl","Member","Dr.","Ph.D."
"Společenské a humanitní vědy","Lingvistika a literární vědy (Linguistics and Literature","P406","Lucie","Merhautová","Member","Mgr.","Ph.D."
"Společenské a humanitní vědy","Lingvistika a literární vědy (Linguistics and Literature","P406","Jan","Radimský","Member","prof. PhDr.","Ph.D."
"Společenské a humanitní vědy","Lingvistika a literární vědy (Linguistics and Literature","P406","Pavel","Štěpán","Member","PhDr.","Ph.D."
"Společenské a humanitní vědy","Lingvistika a literární vědy (Linguistics and Literature","P406","Daniela","Urbanová","Member","prof. PhDr.","Ph.D."
"Společenské a humanitní vědy","Lingvistika a literární vědy (Linguistics and Literature","P406","Ondřej","Vimr","Member","Mgr.","Ph.D."
"Společenské a humanitní vědy","Lingvistika a literární vědy (Linguistics and Literature","P406","Jan","Wiendl","Member","doc. PhDr.","Ph.D."
"Společenské a humanitní vědy","Psychologie, pedagogika (Psychology, Pedagogy","P407","Hana","Voňková","předsedkyně","doc. RNDr. PhDr.","Ph.D. et Ph.D."
"Společenské a humanitní vědy","Psychologie, pedagogika (Psychology, Pedagogy","P407","Jiří","Lukavský","místopředseda","Mgr.","Ph.D."
"Společenské a humanitní vědy","Psychologie, pedagogika (Psychology, Pedagogy","P407","Ondřej","Bezdíček","Member","doc. Mgr.","Ph.D."
"Společenské a humanitní vědy","Psychologie, pedagogika (Psychology, Pedagogy","P407","Cyril","Brom","Member","doc. Mgr.","Ph.D."
"Společenské a humanitní vědy","Psychologie, pedagogika (Psychology, Pedagogy","P407","Hana","Georgi","Member","PhDr.","Ph.D."
"Společenské a humanitní vědy","Psychologie, pedagogika (Psychology, Pedagogy","P407","Petr","Hlaďo","Member","doc. PhDr.","Ph.D."
"Společenské a humanitní vědy","Psychologie, pedagogika (Psychology, Pedagogy","P407","Miroslav","Janura","Member","prof. RNDr.","Dr."
"Společenské a humanitní vědy","Psychologie, pedagogika (Psychology, Pedagogy","P407","Dana","Kasperová","Member","doc. PhDr.","Ph.D."
"Společenské a humanitní vědy","Psychologie, pedagogika (Psychology, Pedagogy","P407","Petr","Knecht","Member","doc. Mgr.","Ph.D."
"Společenské a humanitní vědy","Psychologie, pedagogika (Psychology, Pedagogy","P407","Jan","Šiška","Member","doc. PhDr.","Ph.D."
"Společenské a humanitní vědy","Psychologie, pedagogika (Psychology, Pedagogy","P407","Matúš","Šucha","Member","doc. PhDr.","Ph.D."
"Společenské a humanitní vědy","Psychologie, pedagogika (Psychology, Pedagogy","P407","Roman","Švaříček","Member","Mgr.","Ph.D."
"Společenské a humanitní vědy","Psychologie, pedagogika (Psychology, Pedagogy","P407","Kateřina","Zábrodská","Member","Mgr.","Ph.D."
"Společenské a humanitní vědy","Právní vědy, politologie (Juridical Science and Political Science","P408","Radka","Druláková","předsedkyně","doc. Mgr. Ing.","Ph.D."
"Společenské a humanitní vědy","Právní vědy, politologie (Juridical Science and Political Science","P408","Jan","Malíř","místopředseda","JUDr.","Ph.D."
"Společenské a humanitní vědy","Právní vědy, politologie (Juridical Science and Political Science","P408","Veronika","Bílková","Member","doc. JUDr. PhDr.","Ph.D."
"Společenské a humanitní vědy","Právní vědy, politologie (Juridical Science and Political Science","P408","Stanislav","Balík","Member","JUDr. PhDr.","Ph.D."
"Společenské a humanitní vědy","Právní vědy, politologie (Juridical Science and Political Science","P408","Mats","Rickard","Member","doc.","Ph.D."
"Společenské a humanitní vědy","Právní vědy, politologie (Juridical Science and Political Science","P408","Jakub","Handrlica","Member","prof. JUDr.","LL.M."
"Společenské a humanitní vědy","Právní vědy, politologie (Juridical Science and Political Science","P408","Roman","Chytilek","Member","doc. PhDr.","Ph.D."
"Společenské a humanitní vědy","Právní vědy, politologie (Juridical Science and Political Science","P408","Věra","Kalvodová","Member","prof. JUDr.","Dr."
"Společenské a humanitní vědy","Právní vědy, politologie (Juridical Science and Political Science","P408","Karel","Kouba","Member","doc. Mgr.","M.A."
"Společenské a humanitní vědy","Právní vědy, politologie (Juridical Science and Political Science","P408","Michal","Kubát","Member","prof. PhDr.","Ph.D."
"Společenské a humanitní vědy","Právní vědy, politologie (Juridical Science and Political Science","P408","Pavel","Maškarinec","Member","doc. Mgr.","Ph.D."
"Společenské a humanitní vědy","Právní vědy, politologie (Juridical Science and Political Science","P408","Kateřina","Ronovská","Member","prof. JUDr.","Ph.D."
"Společenské a humanitní vědy","Vědy o umění (Art Sciences","P409","Alena","Volrábová","předsedkyně","PhDr.","Ph.D."
"Společenské a humanitní vědy","Vědy o umění (Art Sciences","P409","Martin","Flašar","místopředseda","doc. PhDr.","Ph.D."
"Společenské a humanitní vědy","Vědy o umění (Art Sciences","P409","Ivan","Foletti","Member","prof.","M.A."
"Společenské a humanitní vědy","Vědy o umění (Art Sciences","P409","Kateřina","Horníčková","Member","PhDr.","Ph.D."
"Společenské a humanitní vědy","Vědy o umění (Art Sciences","P409","Lada","Hubatová–Vacková","Member","doc. Mgr.","Ph.D."
"Společenské a humanitní vědy","Vědy o umění (Art Sciences","P409","Petra","Ježková","Member","Mgr.","Ph.D."
"Společenské a humanitní vědy","Vědy o umění (Art Sciences","P409","Lenka","Jungmannová","Member","PhDr.","Ph.D."
"Společenské a humanitní vědy","Vědy o umění (Art Sciences","P409","Jan","Klípa","Member","PhDr.","Ph.D."
"Společenské a humanitní vědy","Vědy o umění (Art Sciences","P409","Martin","Krummholz","Member","PhDr.","Ph.D."
"Společenské a humanitní vědy","Vědy o umění (Art Sciences","P409","Luboš","Ptáček","Member","doc. Mgr.","Ph.D."
"Společenské a humanitní vědy","Vědy o umění (Art Sciences","P409","Matthew","Rampley","Member","prof.","B.A."
"Společenské a humanitní vědy","Vědy o umění (Art Sciences","P409","Hana","Vlhová-Wörner","Member","doc. PhDr.","Ph.D."
"Společenské a humanitní vědy","Moderní dějiny (od roku 1780) a etnologie (Modern History (since 1780) and Ethnology","P410","Andrea","Pokludová","předsedkyně","doc. PhDr.","Ph.D."
"Společenské a humanitní vědy","Moderní dějiny (od roku 1780) a etnologie (Modern History (since 1780) and Ethnology","P410","Martin","Jemelka","místopředseda","doc. PhDr.","Ph.D."
"Společenské a humanitní vědy","Moderní dějiny (od roku 1780) a etnologie (Modern History (since 1780) and Ethnology","P410","Roman","Doušek","Member","PhDr.","Ph.D."
"Společenské a humanitní vědy","Moderní dějiny (od roku 1780) a etnologie (Modern History (since 1780) and Ethnology","P410","Václav","Horčička","Member","prof. PhDr.","Ph.D."
"Společenské a humanitní vědy","Moderní dějiny (od roku 1780) a etnologie (Modern History (since 1780) and Ethnology","P410","Jiří","Hutečka","Member","doc. Mgr.","Ph.D."
"Společenské a humanitní vědy","Moderní dějiny (od roku 1780) a etnologie (Modern History (since 1780) and Ethnology","P410","Milena","Lenderová","Member","prof. PhDr.","CSc."
"Společenské a humanitní vědy","Moderní dějiny (od roku 1780) a etnologie (Modern History (since 1780) and Ethnology","P410","Denisa","Nečasová","Member","doc. Mgr.","Ph.D."
"Společenské a humanitní vědy","Moderní dějiny (od roku 1780) a etnologie (Modern History (since 1780) and Ethnology","P410","Miroslav","Novotný","Member","doc. PhDr.","CSc."
"Společenské a humanitní vědy","Moderní dějiny (od roku 1780) a etnologie (Modern History (since 1780) and Ethnology","P410","Martin","Pelc","Member","doc. Mgr.","Ph.D."
"Společenské a humanitní vědy","Moderní dějiny (od roku 1780) a etnologie (Modern History (since 1780) and Ethnology","P410","MA","NA","Member","","MPhil Petr Roubal"
"Společenské a humanitní vědy","Moderní dějiny (od roku 1780) a etnologie (Modern History (since 1780) and Ethnology","P410","Alice","Velková","Member","doc. PhDr.","Ph.D."
"Společenské a humanitní vědy","Moderní dějiny (od roku 1780) a etnologie (Modern History (since 1780) and Ethnology","P410","Jiří","Woitsch","Member","PhDr.","Ph.D."
"Zemědělské a biologicko-environmentální vědy","Fyziologie a genetika rostlin, rostlinolékařství (Plant Physiology and Genetics, Plant Medicine","P501","Kateřina","Bišová","předsedkyně","RNDr.","Ph.D."
"Zemědělské a biologicko-environmentální vědy","Fyziologie a genetika rostlin, rostlinolékařství (Plant Physiology and Genetics, Plant Medicine","P501","Petr","Smýkal","místopředseda","prof. Ing.","Ph.D."
"Zemědělské a biologicko-environmentální vědy","Fyziologie a genetika rostlin, rostlinolékařství (Plant Physiology and Genetics, Plant Medicine","P501","Břetislav","Brzobohatý","Member","prof. RNDr.","CSc."
"Zemědělské a biologicko-environmentální vědy","Fyziologie a genetika rostlin, rostlinolékařství (Plant Physiology and Genetics, Plant Medicine","P501","Karel","Doležal","Member","Mgr. Dr.","DSc."
"Zemědělské a biologicko-environmentální vědy","Fyziologie a genetika rostlin, rostlinolékařství (Plant Physiology and Genetics, Plant Medicine","P501","Jan","Hejátko","Member","doc. RNDr.","Ph.D."
"Zemědělské a biologicko-environmentální vědy","Fyziologie a genetika rostlin, rostlinolékařství (Plant Physiology and Genetics, Plant Medicine","P501","David","Honys","Member","prof. RNDr.","Ph.D."
"Zemědělské a biologicko-environmentální vědy","Fyziologie a genetika rostlin, rostlinolékařství (Plant Physiology and Genetics, Plant Medicine","P501","Zdeněk","Kubát","Member","Mgr.","Ph.D."
"Zemědělské a biologicko-environmentální vědy","Fyziologie a genetika rostlin, rostlinolékařství (Plant Physiology and Genetics, Plant Medicine","P501","Roman","Matyášek","Member","RNDr.","CSc."
"Zemědělské a biologicko-environmentální vědy","Fyziologie a genetika rostlin, rostlinolékařství (Plant Physiology and Genetics, Plant Medicine","P501","Martin","Potocký","Member","Ing.","Ph.D."
"Zemědělské a biologicko-environmentální vědy","Fyziologie a genetika rostlin, rostlinolékařství (Plant Physiology and Genetics, Plant Medicine","P501","Petr","Tarkowski","Member","doc. RNDr.","Ph.D."
"Zemědělské a biologicko-environmentální vědy","Fyziologie a genetika živočichů, veterinární lékařství (Animal Physiology and Genetics, Veterinary Medicine","P502","Jaroslav","Petr","předseda","prof. Ing.","DrSc."
"Zemědělské a biologicko-environmentální vědy","Fyziologie a genetika živočichů, veterinární lékařství (Animal Physiology and Genetics, Veterinary Medicine","P502","Jiří","Plachý","místopředseda","Ing.","CSc."
"Zemědělské a biologicko-environmentální vědy","Fyziologie a genetika živočichů, veterinární lékařství (Animal Physiology and Genetics, Veterinary Medicine","P502","Martin","Anger","Member","doc. MVDr.","CSc."
"Zemědělské a biologicko-environmentální vědy","Fyziologie a genetika živočichů, veterinární lékařství (Animal Physiology and Genetics, Veterinary Medicine","P502","Tomáš","Erban","Member","RNDr. Mgr.","Ph.D."
"Zemědělské a biologicko-environmentální vědy","Fyziologie a genetika živočichů, veterinární lékařství (Animal Physiology and Genetics, Veterinary Medicine","P502","Dalibor","Kodrík","Member","prof. RNDr.","CSc."
"Zemědělské a biologicko-environmentální vědy","Fyziologie a genetika živočichů, veterinární lékařství (Animal Physiology and Genetics, Veterinary Medicine","P502","Kateřina","Komrsková","Member","doc. RNDr.","Ph.D."
"Zemědělské a biologicko-environmentální vědy","Fyziologie a genetika živočichů, veterinární lékařství (Animal Physiology and Genetics, Veterinary Medicine","P502","Ivo","Pavlík","Member","prof. MVDr.","CSc."
"Zemědělské a biologicko-environmentální vědy","Fyziologie a genetika živočichů, veterinární lékařství (Animal Physiology and Genetics, Veterinary Medicine","P502","Barbora","Szotáková","Member","prof. Ing.","Ph.D."
"Zemědělské a biologicko-environmentální vědy","Potravinářství, ekotoxikologie a environmentální chemie (Food technology, Ecotoxicology and Environmental Chemistry","P503","Luděk","Bláha","předseda","prof. RNDr.","Ph.D."
"Zemědělské a biologicko-environmentální vědy","Potravinářství, ekotoxikologie a environmentální chemie (Food technology, Ecotoxicology and Environmental Chemistry","P503","Tomáš","Řezanka","místopředseda","RNDr.","CSc."
"Zemědělské a biologicko-environmentální vědy","Potravinářství, ekotoxikologie a environmentální chemie (Food technology, Ecotoxicology and Environmental Chemistry","P503","Tomáš","Brányik","Member","prof. Ing.","Ph.D."
"Zemědělské a biologicko-environmentální vědy","Potravinářství, ekotoxikologie a environmentální chemie (Food technology, Ecotoxicology and Environmental Chemistry","P503","Jiří","Kopáček","Member","prof. Ing.","Ph.D."
"Zemědělské a biologicko-environmentální vědy","Potravinářství, ekotoxikologie a environmentální chemie (Food technology, Ecotoxicology and Environmental Chemistry","P503","Martin","Mihaljevič","Member","prof. RNDr.","CSc."
"Zemědělské a biologicko-environmentální vědy","Potravinářství, ekotoxikologie a environmentální chemie (Food technology, Ecotoxicology and Environmental Chemistry","P503","Martin","Novák","Member","RNDr.","CSc."
"Zemědělské a biologicko-environmentální vědy","Potravinářství, ekotoxikologie a environmentální chemie (Food technology, Ecotoxicology and Environmental Chemistry","P503","Pavel","Rössner","Member","RNDr.","Ph.D."
"Zemědělské a biologicko-environmentální vědy","Potravinářství, ekotoxikologie a environmentální chemie (Food technology, Ecotoxicology and Environmental Chemistry","P503","Jan","Vondráček","Member","prof. RNDr.","Ph.D."
"Zemědělské a biologicko-environmentální vědy","Potravinářství, ekotoxikologie a environmentální chemie (Food technology, Ecotoxicology and Environmental Chemistry","P503","Vladimír","Žlábek","Member","doc. Ing.","Ph.D."
"Zemědělské a biologicko-environmentální vědy","Péče o krajinu, lesnictví a půdní biologie, ekologie ekosystémů (Landscape Management, Forestry and Soil Biology, Ecosystem Ecology","P504","Tereza","Zádorová","předsedkyně","doc. RNDr.","Ph.D."
"Zemědělské a biologicko-environmentální vědy","Péče o krajinu, lesnictví a půdní biologie, ekologie ekosystémů (Landscape Management, Forestry and Soil Biology, Ecosystem Ecology","P504","Petr","Kohout","místopředseda","Mgr.","Ph.D."
"Zemědělské a biologicko-environmentální vědy","Péče o krajinu, lesnictví a půdní biologie, ekologie ekosystémů (Landscape Management, Forestry and Soil Biology, Ecosystem Ecology","P504","Jaroslava","Frouzová","Member","Ing.","Ph.D."
"Zemědělské a biologicko-environmentální vědy","Péče o krajinu, lesnictví a půdní biologie, ekologie ekosystémů (Landscape Management, Forestry and Soil Biology, Ecosystem Ecology","P504","Radim","Hédl","Member","Mgr. MgA.","Ph.D."
"Zemědělské a biologicko-environmentální vědy","Péče o krajinu, lesnictví a půdní biologie, ekologie ekosystémů (Landscape Management, Forestry and Soil Biology, Ecosystem Ecology","P504","David","Janík","Member","Ing.","Ph.D."
"Zemědělské a biologicko-environmentální vědy","Péče o krajinu, lesnictví a půdní biologie, ekologie ekosystémů (Landscape Management, Forestry and Soil Biology, Ecosystem Ecology","P504","Zuzana","Münzbergová","Member","prof. RNDr.","Ph.D."
"Zemědělské a biologicko-environmentální vědy","Péče o krajinu, lesnictví a půdní biologie, ekologie ekosystémů (Landscape Management, Forestry and Soil Biology, Ecosystem Ecology","P504","Karel","Prach","Member","prof. RNDr.","CSc."
"Zemědělské a biologicko-environmentální vědy","Péče o krajinu, lesnictví a půdní biologie, ekologie ekosystémů (Landscape Management, Forestry and Soil Biology, Ecosystem Ecology","P504","Pavel","Saska","Member","doc. RNDr.","Ph.D."
"Zemědělské a biologicko-environmentální vědy","Péče o krajinu, lesnictví a půdní biologie, ekologie ekosystémů (Landscape Management, Forestry and Soil Biology, Ecosystem Ecology","P504","Alena","Ševců","Member","RNDr.","Ph.D."
"Zemědělské a biologicko-environmentální vědy","Péče o krajinu, lesnictví a půdní biologie, ekologie ekosystémů (Landscape Management, Forestry and Soil Biology, Ecosystem Ecology","P504","Ondřej","Uhlík","Member","prof. Ing. Bc.","Ph.D."
"Zemědělské a biologicko-environmentální vědy","Ekologie živočichů a rostlin (Animal and Plant Ecology","P505","Pavel","Kozák","předseda","prof. Ing.","Ph.D."
"Zemědělské a biologicko-environmentální vědy","Ekologie živočichů a rostlin (Animal and Plant Ecology","P505","Otmar","Urban","místopředseda","doc. Mgr.","Ph.D."
"Zemědělské a biologicko-environmentální vědy","Ekologie živočichů a rostlin (Animal and Plant Ecology","P505","Tomáš","Albrecht","Member","prof. Mgr.","Ph.D."
"Zemědělské a biologicko-environmentální vědy","Ekologie živočichů a rostlin (Animal and Plant Ecology","P505","Martin","Čech","Member","doc. RNDr.","Ph.D."
"Zemědělské a biologicko-environmentální vědy","Ekologie živočichů a rostlin (Animal and Plant Ecology","P505","Zdeňka","Lososová","Member","doc. RNDr.","Ph.D."
"Zemědělské a biologicko-environmentální vědy","Ekologie živočichů a rostlin (Animal and Plant Ecology","P505","Jan","Pergl","Member","Ing.","Ph.D."
"Zemědělské a biologicko-environmentální vědy","Ekologie živočichů a rostlin (Animal and Plant Ecology","P505","Petr","Pyšek","Member","prof. RNDr.","CSc."
"Zemědělské a biologicko-environmentální vědy","Ekologie živočichů a rostlin (Animal and Plant Ecology","P505","Jiří","Reif","Member","prof. Mgr.","Ph.D."
"Zemědělské a biologicko-environmentální vědy","Ekologie živočichů a rostlin (Animal and Plant Ecology","P505","Andrea","Vetešníková","Member","prof. RNDr.","Ph.D."
"Zemědělské a biologicko-environmentální vědy","Botanika a zoologie (Botany and Zoology","P506","Petr","Ráb","předseda","prof. Ing.","DrSc."
"Zemědělské a biologicko-environmentální vědy","Botanika a zoologie (Botany and Zoology","P506","Martin","Reichard","místopředseda","prof. RNDr.","Ph.D."
"Zemědělské a biologicko-environmentální vědy","Botanika a zoologie (Botany and Zoology","P506","Ladislav","Bocák","Member","prof. Ing.","Ph.D."
"Zemědělské a biologicko-environmentální vědy","Botanika a zoologie (Botany and Zoology","P506","Petr","Bureš","Member","prof. RNDr.","Ph.D."
"Zemědělské a biologicko-environmentální vědy","Botanika a zoologie (Botany and Zoology","P506","Zdeněk","Kaplan","Member","Mgr.","Ph.D."
"Zemědělské a biologicko-environmentální vědy","Botanika a zoologie (Botany and Zoology","P506","Miroslav","Kolařík","Member","Mgr.","Ph.D."
"Zemědělské a biologicko-environmentální vědy","Botanika a zoologie (Botany and Zoology","P506","David","Kopecký","Member","doc. RNDr.","Ph.D."
"Zemědělské a biologicko-environmentální vědy","Botanika a zoologie (Botany and Zoology","P506","Vít","Latzel","Member","RNDr.","Ph.D."
"Zemědělské a biologicko-environmentální vědy","Botanika a zoologie (Botany and Zoology","P506","Patrik","Mráz","Member","doc. Mgr.","Ph.D."
"Zemědělské a biologicko-environmentální vědy","Botanika a zoologie (Botany and Zoology","P506","Tomáš","Scholz","Member","prof. RNDr.","CSc."
"Zemědělské a biologicko-environmentální vědy","Botanika a zoologie (Botany and Zoology","P506","Milena","Svobodová","Member","doc. Mgr.","Dr."
